<?xml version="1.0" encoding="utf-8"?>
<configuration>
  <!-- Tipo de Conexão (Oracle or MSSQL)-->
  <serverType typeName="MSSQL" />
  <defaultConnection name="ITS" />
  <serverPort name ="9000"/>
  <AssemblyRegisterServices name ="ITSolution.Framework.BaseClasses.RegisterServices.RegisterServices"/>

  <!--Directories-->
  <APIAssemblyFolder name ="C:\ITSolution\Core\APIAssemblies"/>
  <CoreAssemblyFolder name ="C:\ITSolution\Core\CoreAssemblies"/>

  <AzureAPIAssemblyFolder name ="D:\home\site\wwwroot\"/>
  <AzureCoreAssemblyFolder name ="D:\home\site\wwwroot\"/>

  <!-- Oracle ATP-->
  <WalletLocation name ="C:\Oracle\instantclient_19_3\network\admin"/>
  <WalletLocationAzure name ="D:\home\site\wwwroot\Configuration\Wallet"/>
  
  <connectionStrings>
    <!--Azure Database to Developer-->
    <connection name="ITS" serverName="itsolution-sql.database.windows.net" database="dbBalcao_DEV" user="itsadmin" password="its12345%" security="false" />
    <!--Azure Database to Developer-->
    <connection name="Dev" serverName="(local)" database="dbBalcao_DEV" security="true" />
    <connection name="LocalDB" serverName="(localdb)\MSSQLLocalDB" database="dbBalcao_DEV" security="true" />
    <connection name="ITS_Oracle" serverPort="1522" serverHost="adb.sa-saopaulo-1.oraclecloud.com" connectData="service_name=ottee24edsrryod_itsolutiondb_medium.atp.oraclecloud.com" user="gercy" password="Grc#944692_91grcpro" />

  </connectionStrings>
</configuration>