<?xml version="1.0" encoding="utf-8"?>
<configuration>
  <!-- Tipo de Conexão-->
  <serverType typeName="MSSQL" />
  <defaultConnection name="ITS" />
  <serverPort name ="9000"/>
  <AssemblyRegisterServices name ="ITSolution.Framework.BaseClasses.RegisterServices.RegisterServices"/>

  <!--Directories-->
  <APIAssemblyFolder name ="C:\ITSolution\Core\APIAssemblies"/>
  <CoreAssemblyFolder name ="C:\ITSolution\Core\CoreAssemblies"/>

  <AzureAPIAssemblyFolder name ="D:\home\site\wwwroot\"/>
  <AzureCoreAssemblyFolder name ="D:\home\site\wwwroot\"/>

  <!--Local Debug Directories-->
  <!--<APIAssemblyFolder name ="C:\ITSolution\Core\APIAssemblies"/>-->
  <!--<CoreAssemblyFolder name ="C:\ITSolution\Core\CoreAssemblies"/>-->

  <!--Azure Directories-->
  <!--<APIAssemblyFolder name ="D:\home\site\wwwroot\"/>-->
  <!--<CoreAssemblyFolder name ="D:\home\site\wwwroot\"/>-->

  <connectionStrings>
    <!--Azure Database to Developer-->
    <connection name="ITS" serverName="itsolution-sql.database.windows.net" database="dbBalcao_DEV" user="itsadmin" password="its12345%" security="false" />
    <!--Azure Database to Developer-->
    <connection name="Dev" serverName="(local)" database="dbBalcao_DEV" security="true" />
    <connection name="LocalDB" serverName="(localdb)\MSSQLLocalDB" database="dbBalcao_DEV" security="true" />
  </connectionStrings>
</configuration>